﻿<?xml version="1.0" encoding="utf-8"?>
<deployment>
  <id>b18b124ca03544d9b2102f902085dd7c</id>
  <author>N/A</author>
  <deployer>az_cli_functions</deployer>
  <authorEmail>N/A</authorEmail>
  <message>Created via a push deployment</message>
  <progress></progress>
  <status>Success</status>
  <statusText></statusText>
  <lastSuccessEndTime>2026-02-04T06:49:37.6684649Z</lastSuccessEndTime>
  <receivedTime>2026-02-04T06:49:29.3181339Z</receivedTime>
  <startTime>2026-02-04T06:49:30.4900069Z</startTime>
  <endTime>2026-02-04T06:49:37.6684649Z</endTime>
  <complete>True</complete>
  <is_temp>False</is_temp>
  <is_readonly>True</is_readonly>
  <project_type>BASIC</project_type>
  <vsproject_id></vsproject_id>
</deployment>