<step title="BackgroundTrace" date="2026-02-04T06:49:26.832" instance="58cc8d" url="/api/zipdeploy" method="POST" >
  <step title="Updating shutdown sentinel last write time" date="2026-02-04T06:49:26.910" SemaphoreCount="7" /><!-- duration: 31ms -->
  <step title="LockFile &apos;C:\home\site\locks\deployments.lock&apos; acquired" date="2026-02-04T06:49:26.989" /><!-- duration: 47ms -->
  <step title="Creating temporary deployment" date="2026-02-04T06:49:27.082" /><!-- duration: 250ms -->
  <step title="Performing fetch based deployment" date="2026-02-04T06:49:27.395" >
    <step title="Fetching changes." date="2026-02-04T06:49:27.770" /><!-- duration: 31ms -->
    <step title="Starting LocalZipHandler" date="2026-02-04T06:49:27.848" /><!-- duration: 32ms -->
    <step title="Cleaning up temp folders from previous zip deployments and extracting pushed zip file C:\local\Temp\zipdeploy\4kf4lonp.zip (0.00 MB) to C:\local\Temp\zipdeploy\extracted" date="2026-02-04T06:49:28.130" /><!-- duration: 31ms -->
    <step title="Cleaning up temp folders from previous zip deployments and extracting pushed zip file C:\local\Temp\zipdeploy\4kf4lonp.zip (0.00 MB) to C:\local\Temp\zipdeploy\extracted" date="2026-02-04T06:49:28.208" >
      <step title="Extracting 6 entries to C:\local\Temp\zipdeploy\extracted directory" date="2026-02-04T06:49:28.255" >
        <step title="Extracting to C:\local\Temp\zipdeploy\extracted\schedule\function.json ..." date="2026-02-04T06:49:28.302" /><!-- duration: 141ms -->
        <step title="Extracting to C:\local\Temp\zipdeploy\extracted\schedule-item\function.json ..." date="2026-02-04T06:49:28.474" /><!-- duration: 47ms -->
        <step title="Extracting to C:\local\Temp\zipdeploy\extracted\src\functions\schedule.js ..." date="2026-02-04T06:49:28.552" /><!-- duration: 47ms -->
        <step title="Extracting to C:\local\Temp\zipdeploy\extracted\host.json ..." date="2026-02-04T06:49:28.646" /><!-- duration: 47ms -->
        <step title="Extracting to C:\local\Temp\zipdeploy\extracted\local.settings.json ..." date="2026-02-04T06:49:28.724" /><!-- duration: 47ms -->
        <step title="Extracting to C:\local\Temp\zipdeploy\extracted\package.json ..." date="2026-02-04T06:49:28.818" /><!-- duration: 31ms -->
      </step><!-- duration: 641ms -->
    </step><!-- duration: 734ms -->
    <step title="Before sending BuildRequestReceived status to /api/updatedeploystatus" date="2026-02-04T06:49:28.974" /><!-- duration: 47ms -->
    <step title="DeploymentManager.Deploy(id:b18b124ca03544d9b2102f902085dd7c)" date="2026-02-04T06:49:29.083" >
      <step title="Collecting changeset information" date="2026-02-04T06:49:29.177" /><!-- duration: 297ms -->
      <step title="Updating submodules" date="2026-02-04T06:49:29.505" >
        <step title="Updating submodules." date="2026-02-04T06:49:29.849" /><!-- duration: 47ms -->
      </step><!-- duration: 438ms -->
      <step title="Preparing deployment for commit id &apos;b18b124ca0&apos;." date="2026-02-04T06:49:30.318" /><!-- duration: 47ms -->
      <step title="Determining deployment builder" date="2026-02-04T06:49:30.664" >
        <step title="Builder is BasicBuilder" date="2026-02-04T06:49:30.695" /><!-- duration: 47ms -->
      </step><!-- duration: 125ms -->
      <step title="Copying SSH keys" date="2026-02-04T06:49:30.914" /><!-- duration: 78ms -->
      <step title="Building" date="2026-02-04T06:49:31.023" >
        <step title="Generating deployment script." date="2026-02-04T06:49:31.367" /><!-- duration: 47ms -->
        <step title="Generating deployment script" date="2026-02-04T06:49:31.445" >
          <step title="Using the following command to generate deployment script: &apos;azure site deploymentscript -y --no-dot-deployment -r &quot;C:\local\Temp\zipdeploy\extracted&quot; -o &quot;C:\home\site\deployments\tools&quot; --basic --sitePath &quot;C:\local\Temp\zipdeploy\extracted&quot;&apos;." date="2026-02-04T06:49:31.617" /><!-- duration: 31ms -->
          <step title="Executing external process" date="2026-02-04T06:49:32.070" type="process" path="starter.cmd" arguments="&quot;C:\Program Files (x86)\SiteExtensions\Kudu\2025.11.1.1\bin\node_modules\.bin\kuduscript.cmd&quot; -y --no-dot-deployment -r &quot;C:\local\Temp\zipdeploy\extracted&quot; -o &quot;C:\home\site\deployments\tools&quot; --basic --sitePath &quot;C:\local\Temp\zipdeploy\extracted&quot;" >
            <step title="Generating deployment script for Web Site" date="2026-02-04T06:49:32.648" /><!-- duration: 47ms -->
            <step title="Generated deployment script files" date="2026-02-04T06:49:32.773" /><!-- duration: 31ms -->
          </step><!-- duration: 781ms -->
          <step title="Saved cached version of the deployment script for command -y --no-dot-deployment -r &quot;C:\local\Temp\zipdeploy\extracted&quot; -o &quot;C:\home\site\deployments\tools&quot; --basic --sitePath &quot;C:\local\Temp\zipdeploy\extracted&quot;" date="2026-02-04T06:49:32.929" /><!-- duration: 94ms -->
        </step><!-- duration: 1610ms -->
        <step title="Running deployment command..." date="2026-02-04T06:49:33.398" /><!-- duration: 31ms -->
        <step title="Command: &quot;C:\home\site\deployments\tools\deploy.cmd&quot;" date="2026-02-04T06:49:33.539" /><!-- duration: 47ms -->
        <step title="Executing external process" date="2026-02-04T06:49:33.648" type="process" path="starter.cmd" arguments="&quot;C:\home\site\deployments\tools\deploy.cmd&quot;" >
          <step title="Handling Basic Web Site deployment." date="2026-02-04T06:49:34.148" /><!-- duration: 47ms -->
          <step title="Creating app_offline.htm" date="2026-02-04T06:49:35.179" /><!-- duration: 47ms -->
          <step title="KuduSync.NET from: &apos;C:\local\Temp\zipdeploy\extracted&apos; to: &apos;C:\home\site\wwwroot&apos;" date="2026-02-04T06:49:35.304" /><!-- duration: 47ms -->
          <step title="Copying file: &apos;host.json&apos;" date="2026-02-04T06:49:35.429" /><!-- duration: 31ms -->
          <step title="Copying file: &apos;local.settings.json&apos;" date="2026-02-04T06:49:35.539" /><!-- duration: 47ms -->
          <step title="Copying file: &apos;package.json&apos;" date="2026-02-04T06:49:35.664" /><!-- duration: 31ms -->
          <step title="Copying file: &apos;schedule\function.json&apos;" date="2026-02-04T06:49:35.773" /><!-- duration: 31ms -->
          <step title="Copying file: &apos;schedule-item\function.json&apos;" date="2026-02-04T06:49:35.882" /><!-- duration: 47ms -->
          <step title="Copying file: &apos;src\functions\schedule.js&apos;" date="2026-02-04T06:49:36.007" /><!-- duration: 31ms -->
          <step title="Deleting app_offline.htm" date="2026-02-04T06:49:36.117" /><!-- duration: 47ms -->
          <step title="Finished successfully." date="2026-02-04T06:49:36.242" /><!-- duration: 31ms -->
        </step><!-- duration: 2656ms -->
        <step title="Running post deployment command(s)..." date="2026-02-04T06:49:36.617" /><!-- duration: 34ms -->
        <step title="Triggering recycle (preview mode disabled)." date="2026-02-04T06:49:36.996" /><!-- duration: 31ms -->
        <step title="Ignoring FS watcher based recycle request as this is a classic Windows app." date="2026-02-04T06:49:37.074" /><!-- duration: 47ms -->
        <step title="Deployment successful. DEPLOYMENTINFO: deploymentPath = Functions App ZipDeploy. Extract zip. , deployer = az_cli_functions, os = windows, sku = Dynamic, language = node, siteName = azcoreunderground-api, slotName = Production, siteHostName = azcoreunderground-api.azurewebsites.net, deploymentStatus = Success" date="2026-02-04T06:49:37.496" /><!-- duration: 31ms -->
      </step><!-- duration: 7192ms -->
    </step><!-- duration: 9163ms -->
    <step title="Cleaning up temp files" date="2026-02-04T06:49:38.293" /><!-- duration: 47ms -->
    <step title="Begin HttpPost https://azcoreunderground-api.scm.azurewebsites.net/operations/settriggers, x-ms-request-id: 7c047836-0195-11f1-8304-047f0e00d15a" date="2026-02-04T06:49:38.434" /><!-- duration: 63ms -->
    <step title="End HttpPost, status: OK" date="2026-02-04T06:49:38.871" /><!-- duration: 47ms -->
    <step title="Scheduling background sync triggers after delay" date="2026-02-04T06:49:38.949" /><!-- duration: 47ms -->
  </step><!-- duration: 11742ms -->
  <step title="LockFile &apos;C:\home\site\locks\deployments.lock&apos; released" date="2026-02-04T06:49:39.199" /><!-- duration: 31ms -->
</step><!-- duration: 12476ms -->
