<step title="Incoming Request" date="2026-02-04T06:49:24.421" instance="58cc8d" url="/api/zipdeploy?isAsync=true&amp;Deployer=az_cli_functions" method="POST" type="request" pid="6104,2,6" Cache-Control="no-cache" Connection="Keep-Alive" Content-Length="3204" Content-Type="application/octet-stream" Accept="*/*" Accept-Encoding="gzip, deflate" Authorization="Bea..." Host="azcoreunderground-api.scm.azurewebsites.net" User-Agent="AZURECLI/2.77.0 (MSI)" x-ms-client-request-id="7c047836-0195-11f1-8304-047f0e00d15a" X-ARR-LOG-ID="7c047836-0195-11f1-8304-047f0e00d15a" CLIENT-IP="70.53.18.50:51655" X-SITE-DEPLOYMENT-ID="azcoreunderground-api" WAS-DEFAULT-HOSTNAME="azcoreunderground-api.scm.azurewebsites.net" X-Forwarded-Proto="https" X-AppService-Proto="https" X-Forwarded-TlsVersion="1.3" X-WAWS-Unencoded-URL="/api/zipdeploy?isAsync=true&amp;Deployer=az_cli_functions" X-MS-COLDSTART="1" >
  <step title="ZipPushDeploy" date="2026-02-04T06:49:25.676" >
    <step title="Functions App ZipDeploy. Extract zip. " date="2026-02-04T06:49:25.739" /><!-- duration: 31ms -->
    <step title="Starting PushDeployAsync" date="2026-02-04T06:49:25.817" /><!-- duration: 47ms -->
    <step title="Updating shutdown sentinel last write time" date="2026-02-04T06:49:26.067" SemaphoreCount="7" /><!-- duration: 47ms -->
    <step title="LockFile &apos;C:\home\site\locks\deployments.lock&apos; acquired" date="2026-02-04T06:49:26.160" /><!-- duration: 31ms -->
    <step title="Saving request content to C:\local\Temp\zipdeploy\4kf4lonp.zip" date="2026-02-04T06:49:26.239" >
      <step title="Total 3,204 bytes written to C:\local\Temp\zipdeploy\4kf4lonp.zip" date="2026-02-04T06:49:26.332" /><!-- duration: 31ms -->
    </step><!-- duration: 172ms -->
    <step title="LockFile &apos;C:\home\site\locks\deployments.lock&apos; released" date="2026-02-04T06:49:26.473" /><!-- duration: 47ms -->
    <step title="Deleting shutdown sentinel file" date="2026-02-04T06:49:26.582" SemaphoreCount="8" /><!-- duration: 47ms -->
    <step title="Starting FetchDeploy" date="2026-02-04T06:49:26.676" /><!-- duration: 47ms -->
    <step title="Start deployment in the background" date="2026-02-04T06:49:26.785" /><!-- duration: 594ms -->
  </step><!-- duration: 1750ms -->
  <step title="Outgoing response" date="2026-02-04T06:49:27.504" type="response" statusCode="202" statusText="Accepted" Server="Microsoft-IIS/10.0" x-ms-request-id="7c047836-0195-11f1-8304-047f0e00d15a" Retry-After="30" Cache-Control="private" X-AspNet-Version="4.0.30319" Location="https://azcoreunderground-api.scm.azurewebsites.net/api/deployments/latest?deployer=az_cli_functions&amp;time=2026-02-04_06-49-27Z" /><!-- duration: 47ms -->
</step><!-- duration: 3177ms -->
