{"TimeStamp":"2026-02-04T06:49:37Z","SiteName":"azcoreunderground-api","RequestId":"7c047836-0195-11f1-8304-047f0e00d15a","Kind":"az_cli_functions","Status":"Success","Details":"{\"Id\":\"b18b124ca03544d9b2102f902085dd7c\",\"Status\":4,\"StatusText\":\"\",\"AuthorEmail\":\"N/A\",\"Author\":\"N/A\",\"Message\":\"Created via a push deployment\",\"Progress\":\"\",\"Deployer\":\"az_cli_functions\",\"ReceivedTime\":\"2026-02-04T06:49:29.3181339Z\",\"StartTime\":\"2026-02-04T06:49:30.4900069Z\",\"EndTime\":\"2026-02-04T06:49:37.6684649Z\",\"LastSuccessEndTime\":\"2026-02-04T06:49:37.6684649Z\",\"Complete\":true,\"IsTemporary\":false,\"IsReadOnly\":true,\"SiteName\":\"azcoreunderground-api\",\"HostName\":\"azcoreunderground-api.scm.azurewebsites.net\",\"ProjectType\":\"BASIC\",\"VsProjectId\":null}"}